Placa;Marca Veículo;Modelo Veículo;Data/Hora;Combustível;Estado;Endereço Posto;Quilometragem;Qtde (L);Preço Unitário;Valor Bruto
FJF-0688;FORD;F4000;03/02/2026 09:27;ÓLEO LUBRIFICANTE;SP; JOAO RAMALHO, 555 - PARQUE SAO JORGE;144325;8;47;R$ 376,00
FRR1B42;CAOACHERY;TIGGO 8;07/02/2026 17:20;FILTRO DE ÓLEO;SP; JOAO RAMALHO, 555 - PARQUE SAO JORGE;221733;1;180;R$ 180,00
FRR1B42;CAOACHERY;TIGGO 8;07/02/2026 17:22;ÓLEO LUBRIFICANTE;SP; JOAO RAMALHO, 555 - PARQUE SAO JORGE;221733;6;62;R$ 372,00
FSH3I13;CAOACHERY;TIGGO 8;08/02/2026 12:08;FILTRO DE ÓLEO;SP; JOAO RAMALHO, 555 - PARQUE SAO JORGE;254266;1;180;R$ 180,00
FSH3I13;CAOACHERY;TIGGO 8;08/02/2026 12:09;ÓLEO LUBRIFICANTE;SP; JOAO RAMALHO, 555 - PARQUE SAO JORGE;254266;5;67;R$ 335,00
FCW8I62;CITROEN;JUMPY GREE;10/02/2026 12:13;FILTRO DE ÓLEO;SP; JOAO RAMALHO, 555 - PARQUE SAO JORGE;94377;1;82;R$ 82,00
FCW8I62;CITROEN;JUMPY GREE;10/02/2026 12:14;ÓLEO LUBRIFICANTE;SP; JOAO RAMALHO, 555 - PARQUE SAO JORGE;94377;6;89;R$ 534,00
FKE6H32;CAOACHERY;TIGGO 8;14/02/2026 11:32;ÓLEO LUBRIFICANTE;SP;Tiradentes, 474 - Fragata;252425;4,5;45,1;R$ 202,95
FKE6H32;CAOACHERY;TIGGO 8;14/02/2026 11:33;ÓLEO LUBRIFICANTE;SP;Tiradentes, 474 - Fragata;252425;1;138,9;R$ 138,90
FJF-0688;FORD;F4000;16/02/2026 15:45;FILTRO DE ÓLEO;SP; JOAO RAMALHO, 555 - PARQUE SAO JORGE;741405;1;229;R$ 229,00
BVT9C05;CAOACHERY;TIGGO 8;22/02/2026 11:25;ÓLEO LUBRIFICANTE;SP; JOAO RAMALHO, 555 - PARQUE SAO JORGE;187068;5;67;R$ 335,00
BVT9C05;CAOACHERY;TIGGO 8;22/02/2026 11:27;FILTRO DE AR;SP; JOAO RAMALHO, 555 - PARQUE SAO JORGE;187068;1;149;R$ 149,00
BVT9C05;CAOACHERY;TIGGO 8;22/02/2026 11:28;FILTRO DE COMBUSTÍVEL;SP; JOAO RAMALHO, 555 - PARQUE SAO JORGE;187068;1;39,9;R$ 39,90
BVT9C05;CAOACHERY;TIGGO 8;24/02/2026 15:06;FILTRO DE ÓLEO;SP; JOAO RAMALHO, 555 - PARQUE SAO JORGE;187068;1;180;R$ 180,00
FKN-6069;FORD;CARGO 816 S;02/03/2026 14:48;ÓLEO LUBRIFICANTE;SP; JOAO RAMALHO, 555 - PARQUE SAO JORGE;212670;1;479;R$ 479,00
FKN-6069;FORD;CARGO 816 S;02/03/2026 14:50;FILTRO DE AR;SP; JOAO RAMALHO, 555 - PARQUE SAO JORGE;212670;1;369;R$ 369,00
FKN-6069;FORD;CARGO 816 S;02/03/2026 14:52;FILTRO DE ÓLEO;SP; JOAO RAMALHO, 555 - PARQUE SAO JORGE;212670;1;120;R$ 120,00
FKN-6069;FORD;CARGO 816 S;02/03/2026 14:54;FILTRO DE ÓLEO;SP; JOAO RAMALHO, 555 - PARQUE SAO JORGE;212670;1;149;R$ 149,00
FKN-6069;FORD;CARGO 816 S;02/03/2026 14:56;FILTRO DE AR;SP; JOAO RAMALHO, 555 - PARQUE SAO JORGE;212670;1;179;R$ 179,00
BRZ-7720;GMC;12170;06/03/2026 10:28;ÓLEO LUBRIFICANTE;SP; JOAO RAMALHO, 555 - PARQUE SAO JORGE;298948;1;399;R$ 399,00
BRZ-7720;GMC;12170;06/03/2026 10:29;FILTRO DE ÓLEO;SP; JOAO RAMALHO, 555 - PARQUE SAO JORGE;298948;1;160;R$ 160,00
BRZ-7720;GMC;12170;06/03/2026 10:30;FILTRO DE COMBUSTÍVEL;SP; JOAO RAMALHO, 555 - PARQUE SAO JORGE;298948;1;70;R$ 70,00
BRZ-7720;GMC;12170;06/03/2026 10:31;ÓLEO LUBRIFICANTE;SP; JOAO RAMALHO, 555 - PARQUE SAO JORGE;298948;1;88;R$ 88,00
FJF-0688;FORD;F4000;06/03/2026 14:21;ÓLEO LUBRIFICANTE;SP; LUZIA DOS SANTOS ALVES, 650 - JARDIM NAZARETH;150237;16;3,7;R$ 59,20
GIT-5825;MITSUBISHI;OUTLANDER 2.0 P;06/03/2026 16:48;ÓLEO LUBRIFICANTE;SP;Tiradentes, 474 - Fragata;210467;1;323,9;R$ 323,90
FRR1B42;CAOACHERY;TIGGO 8;08/03/2026 15:08;ÓLEO LUBRIFICANTE;SP; JOAO RAMALHO, 555 - PARQUE SAO JORGE;231591;6;67;R$ 402,00
FRR1B42;CAOACHERY;TIGGO 8;08/03/2026 15:10;FILTRO DE ÓLEO;SP; JOAO RAMALHO, 555 - PARQUE SAO JORGE;231591;1;180;R$ 180,00
FRR1B42;CAOACHERY;TIGGO 8;08/03/2026 15:11;FILTRO DE AR;SP; JOAO RAMALHO, 555 - PARQUE SAO JORGE;231591;1;159;R$ 159,00
FYI-5976;RENAULT;MASTER;09/03/2026 14:36;ÓLEO LUBRIFICANTE;SP; JOAO RAMALHO, 555 - PARQUE SAO JORGE;137906;8;74;R$ 592,00
FYI-5976;RENAULT;MASTER;09/03/2026 14:37;FILTRO DE ÓLEO;SP; JOAO RAMALHO, 555 - PARQUE SAO JORGE;137906;1;123,9;R$ 123,90
FYI-5976;RENAULT;MASTER;09/03/2026 14:38;FILTRO DE COMBUSTÍVEL;SP; JOAO RAMALHO, 555 - PARQUE SAO JORGE;137906;1;129;R$ 129,00
FJG-7158;CHEVROLET;S10;13/03/2026 18:49;ÓLEO LUBRIFICANTE;SP; JOAO RAMALHO, 555 - PARQUE SAO JORGE;253400;2;90,5;R$ 181,00
FSH3I13;CAOACHERY;TIGGO 8;16/03/2026 11:57;ÓLEO LUBRIFICANTE;SP;Tiradentes, 474 - Fragata;263906;1;368,97;R$ 368,97
FCK-5196;CHEVROLET;S10;30/03/2026 14:55;ÓLEO LUBRIFICANTE;SP; JOAO RAMALHO, 555 - PARQUE SAO JORGE;466636;7;62;R$ 434,00
FCK-5196;CHEVROLET;S10;30/03/2026 14:57;FILTRO DE ÓLEO;SP; JOAO RAMALHO, 555 - PARQUE SAO JORGE;466636;1;99,8;R$ 99,80
FMM5G11;CAOACHERY;TIGGO 8;07/04/2026 17:07;ÓLEO LUBRIFICANTE;SP; JOAO RAMALHO, 555 - PARQUE SAO JORGE;229982;5;49;R$ 245,00
FMM5G11;CAOACHERY;TIGGO 8;07/04/2026 17:10;FILTRO DE ÓLEO;SP; JOAO RAMALHO, 555 - PARQUE SAO JORGE;229982;1;149;R$ 149,00
FKE6H32;CAOACHERY;TIGGO 8;19/04/2026 11:49;FILTRO DE AR;SP; JOAO RAMALHO, 555 - PARQUE SAO JORGE;263074;1;149;R$ 149,00
FKE6H32;CAOACHERY;TIGGO 8;19/04/2026 11:50;FILTRO DE ÓLEO;SP; JOAO RAMALHO, 555 - PARQUE SAO JORGE;263074;1;180;R$ 180,00
FKE6H32;CAOACHERY;TIGGO 8;19/04/2026 11:52;ÓLEO LUBRIFICANTE;SP; JOAO RAMALHO, 555 - PARQUE SAO JORGE;263074;5;49;R$ 245,00
FML8H43;CAOACHERY;TIGGO 8;21/04/2026 15:56;FILTRO DE ÓLEO;SP; JOAO RAMALHO, 555 - PARQUE SAO JORGE;203727;1;180;R$ 180,00
FML8H43;CAOACHERY;TIGGO 8;21/04/2026 15:57;FILTRO DE COMBUSTÍVEL;SP; JOAO RAMALHO, 555 - PARQUE SAO JORGE;203727;1;39,9;R$ 39,90
FML8H43;CAOACHERY;TIGGO 8;21/04/2026 15:59;FILTRO DE AR;SP; JOAO RAMALHO, 555 - PARQUE SAO JORGE;203727;1;149;R$ 149,00
FML8H43;CAOACHERY;TIGGO 8;21/04/2026 16:01;ÓLEO LUBRIFICANTE;SP; JOAO RAMALHO, 555 - PARQUE SAO JORGE;203727;5;49;R$ 245,00
FJF-0688;FORD;F4000;03/05/2026 11:51;FILTRO DE COMBUSTÍVEL;SP; JOAO RAMALHO, 555 - PARQUE SAO JORGE;154202;1;229;R$ 229,00
FJF-0688;FORD;F4000;03/05/2026 11:53;FILTRO DE ÓLEO;SP; JOAO RAMALHO, 555 - PARQUE SAO JORGE;154202;1;149;R$ 149,00
FJF-0688;FORD;F4000;03/05/2026 11:55;FILTRO DE AR;SP; JOAO RAMALHO, 555 - PARQUE SAO JORGE;154202;1;126;R$ 126,00
FJF-0688;FORD;F4000;03/05/2026 12:01;ÓLEO LUBRIFICANTE;SP; JOAO RAMALHO, 555 - PARQUE SAO JORGE;154202;20;23,95;R$ 479,00
GFH1I31;VOLKSWAGEN;9.170;04/05/2026 13:45;FILTRO DE ÓLEO;SP; REPUBLICA, 4767 - NUCLEO HABITACIONAL CASTELO BRANCO;60327;1;165;R$ 165,00
GFH1I31;VOLKSWAGEN;9.170;04/05/2026 13:48;FILTRO DE COMBUSTÍVEL;SP; REPUBLICA, 4767 - NUCLEO HABITACIONAL CASTELO BRANCO;60327;1;400;R$ 400,00
GFH1I31;VOLKSWAGEN;9.170;04/05/2026 13:50;FILTRO DE COMBUSTÍVEL;SP; REPUBLICA, 4767 - NUCLEO HABITACIONAL CASTELO BRANCO;60327;1;250;R$ 250,00
GFH1I31;VOLKSWAGEN;9.170;04/05/2026 14:16;FILTRO DE ÓLEO;SP; REPUBLICA, 4767 - NUCLEO HABITACIONAL CASTELO BRANCO;60327;13;55,9;R$ 726,70
FJG-7158;CHEVROLET;S10;04/05/2026 14:26;ÓLEO LUBRIFICANTE;SP; JOAO RAMALHO, 555 - PARQUE SAO JORGE;258660;1;74;R$ 74,00
CFY2G52;TOYOTA;HILUX;06/05/2026 10:20;FILTRO DE ÓLEO;SP; REPUBLICA, 4767 - NUCLEO HABITACIONAL CASTELO BRANCO;152445;1;39,95;R$ 39,95
CFY2G52;TOYOTA;HILUX;06/05/2026 10:25;FILTRO DE ÓLEO;SP; REPUBLICA, 4767 - NUCLEO HABITACIONAL CASTELO BRANCO;152445;6;59,95;R$ 359,70
FMM5G11;CAOACHERY;TIGGO 8;14/05/2026 11:39;ÓLEO LUBRIFICANTE;SP; JOAO RAMALHO, 555 - PARQUE SAO JORGE;241849;6;49;R$ 294,00
FMM5G11;CAOACHERY;TIGGO 8;14/05/2026 11:40;FILTRO DE ÓLEO;SP; JOAO RAMALHO, 555 - PARQUE SAO JORGE;241849;1;180;R$ 180,00
FRR1B42;CAOACHERY;TIGGO 8;15/05/2026 15:50;ÓLEO LUBRIFICANTE;SP; JOAO RAMALHO, 555 - PARQUE SAO JORGE;242041;5;49;R$ 245,00
FRR1B42;CAOACHERY;TIGGO 8;15/05/2026 15:51;FILTRO DE ÓLEO;SP; JOAO RAMALHO, 555 - PARQUE SAO JORGE;242041;1;180;R$ 180,00
CMW-9549;IVECO;DAYLY 7012;18/05/2026 14:21;ÓLEO LUBRIFICANTE;SP; LUZIA DOS SANTOS ALVES, 650 - JARDIM NAZARETH;0;2;52,2;R$ 104,40
GIT-5825;MITSUBISHI;OUTLANDER 2.0 P;19/05/2026 14:06;ÓLEO LUBRIFICANTE;SP; JOAO RAMALHO, 555 - PARQUE SAO JORGE;219444;1;49;R$ 49,00
FJG-7158;CHEVROLET;S10;21/05/2026 10:58;ÓLEO LUBRIFICANTE;SP;Barão do Rio Branco, 148  - Centro (Corredeira);260235;6;59,99;R$ 359,94
FJG-7158;CHEVROLET;S10;21/05/2026 10:59;FILTRO DE ÓLEO;SP;Barão do Rio Branco, 148  - Centro (Corredeira);260235;1;150;R$ 150,00
FJG-7158;CHEVROLET;S10;21/05/2026 10:59;FILTRO DE COMBUSTÍVEL;SP;Barão do Rio Branco, 148  - Centro (Corredeira);260235;2;129;R$ 258,00
GIT-5825;MITSUBISHI;OUTLANDER 2.0 P;26/05/2026 15:50;ÓLEO LUBRIFICANTE;SP;Tiradentes, 474 - Fragata;220680;1;288,5;R$ 288,50
FSH3I13;CAOACHERY;TIGGO 8;30/05/2026 10:09;ÓLEO LUBRIFICANTE;SP; JOAO RAMALHO, 555 - PARQUE SAO JORGE;274135;6;69;R$ 414,00
FSH3I13;CAOACHERY;TIGGO 8;30/05/2026 10:13;FILTRO DE AR;SP; JOAO RAMALHO, 555 - PARQUE SAO JORGE;274535;1;149;R$ 149,00
FSH3I13;CAOACHERY;TIGGO 8;30/05/2026 10:15;FILTRO DE COMBUSTÍVEL;SP; JOAO RAMALHO, 555 - PARQUE SAO JORGE;274535;1;39,9;R$ 39,90
FSH3I13;CAOACHERY;TIGGO 8;30/05/2026 10:16;FILTRO DE ÓLEO;SP; JOAO RAMALHO, 555 - PARQUE SAO JORGE;274535;1;180;R$ 180,00
FML8H43;CAOACHERY;TIGGO 8;30/05/2026 15:00;ÓLEO LUBRIFICANTE;SP; JOAO RAMALHO, 555 - PARQUE SAO JORGE;214818;6;69;R$ 414,00
FML8H43;CAOACHERY;TIGGO 8;30/05/2026 15:02;FILTRO DE ÓLEO;SP; JOAO RAMALHO, 555 - PARQUE SAO JORGE;214818;1;180;R$ 180,00
FCW8I62;CITROEN;JUMPY GREE;03/06/2026 10:05;ÓLEO LUBRIFICANTE;SP;Tiradentes, 474 - Fragata;104597;1;863,3;R$ 863,30
FKE6H32;CAOACHERY;TIGGO 8;04/06/2026 15:59;FILTRO DE AR;SP; JOAO RAMALHO, 555 - PARQUE SAO JORGE;272095;1;149;R$ 149,00
FKE6H32;CAOACHERY;TIGGO 8;04/06/2026 16:00;FILTRO DE ÓLEO;SP; JOAO RAMALHO, 555 - PARQUE SAO JORGE;272095;1;180;R$ 180,00
FKE6H32;CAOACHERY;TIGGO 8;04/06/2026 16:02;ÓLEO LUBRIFICANTE;SP; JOAO RAMALHO, 555 - PARQUE SAO JORGE;272095;5;49;R$ 245,00
FRR1B42;CAOACHERY;TIGGO 8;15/06/2026 14:42;ÓLEO LUBRIFICANTE;SP; JOAO RAMALHO, 555 - PARQUE SAO JORGE;251807;6;49;R$ 294,00
FRR1B42;CAOACHERY;TIGGO 8;15/06/2026 14:43;FILTRO DE ÓLEO;SP; JOAO RAMALHO, 555 - PARQUE SAO JORGE;251807;1;180;R$ 180,00
FRR1B42;CAOACHERY;TIGGO 8;15/06/2026 14:45;FILTRO DE AR;SP; JOAO RAMALHO, 555 - PARQUE SAO JORGE;251807;1;149;R$ 149,00
FJF-0688;FORD;F4000;24/06/2026 16:26;FILTRO DE COMBUSTÍVEL;SP; MARIA CANDIDA, 2179 - Vila Guilherme;162285;1;350;R$ 350,00
GIT-5825;MITSUBISHI;OUTLANDER 2.0 P;28/06/2026 14:27;ÓLEO LUBRIFICANTE;SP; JOAO RAMALHO, 555 - PARQUE SAO JORGE;229500;5;49;R$ 245,00
GIT-5825;MITSUBISHI;OUTLANDER 2.0 P;28/06/2026 14:28;FILTRO DE AR;SP; JOAO RAMALHO, 555 - PARQUE SAO JORGE;229500;1;119;R$ 119,00
GIT-5825;MITSUBISHI;OUTLANDER 2.0 P;28/06/2026 14:30;FILTRO DE ÓLEO;SP; JOAO RAMALHO, 555 - PARQUE SAO JORGE;229500;1;39;R$ 39,00
FMM5G11;CAOACHERY;TIGGO 8;10/07/2026 10:45;ÓLEO LUBRIFICANTE;SP;Tiradentes, 474 - Fragata;246696;1;1813;R$ 1.813,00
FKE6H32;CAOACHERY;TIGGO 8;19/07/2026 14:40;ÓLEO LUBRIFICANTE;SP; JOAO RAMALHO, 555 - PARQUE SAO JORGE;283746;1;180;R$ 180,00
FKE6H32;CAOACHERY;TIGGO 8;19/07/2026 14:42;ÓLEO LUBRIFICANTE;SP; JOAO RAMALHO, 555 - PARQUE SAO JORGE;283746;5;49;R$ 245,00
FKE6H32;CAOACHERY;TIGGO 8;19/07/2026 14:45;ÓLEO LUBRIFICANTE;SP; JOAO RAMALHO, 555 - PARQUE SAO JORGE;283746;1;159;R$ 159,00
FMM5G11;CAOACHERY;TIGGO 8;28/07/2026 15:30;ÓLEO LUBRIFICANTE;SP; JOAO RAMALHO, 555 - PARQUE SAO JORGE;249948;6;69;R$ 414,00
FMM5G11;CAOACHERY;TIGGO 8;28/07/2026 15:31;FILTRO DE ÓLEO;SP; JOAO RAMALHO, 555 - PARQUE SAO JORGE;249948;1;180;R$ 180,00
FMM5G11;CAOACHERY;TIGGO 8;28/07/2026 15:32;FILTRO DE AR;SP; JOAO RAMALHO, 555 - PARQUE SAO JORGE;249948;1;149;R$ 149,00
FCW8I62;CITROEN;JUMPY GREE;29/07/2026 12:03;CATALISADOR ARLA 32;SP; LUZIA DOS SANTOS ALVES, 650 - JARDIM NAZARETH;112854;17,36;3,471;R$ 60,26
FCW8I62;CITROEN;JUMPY GREE;03/08/2026 09:07;FLUIDO DE FREIO;SP; JOAO RAMALHO, 555 - PARQUE SAO JORGE;113118;2;19,9;R$ 39,80
FRR1B42;CAOACHERY;TIGGO 8;07/08/2026 16:51;FILTRO DE AR;SP; JOAO RAMALHO, 555 - PARQUE SAO JORGE;261272;1;159;R$ 159,00
FRR1B42;CAOACHERY;TIGGO 8;07/08/2026 16:53;FILTRO DE COMBUSTÍVEL;SP; JOAO RAMALHO, 555 - PARQUE SAO JORGE;261272;1;180;R$ 180,00
FRR1B42;CAOACHERY;TIGGO 8;07/08/2026 16:54;FILTRO DE ÓLEO;SP; JOAO RAMALHO, 555 - PARQUE SAO JORGE;261272;1;39,9;R$ 39,90
FRR1B42;CAOACHERY;TIGGO 8;07/08/2026 16:55;ÓLEO LUBRIFICANTE;SP; JOAO RAMALHO, 555 - PARQUE SAO JORGE;261272;6;49;R$ 294,00
FJF-0688;FORD;F4000;12/08/2026 15:04;ÓLEO LUBRIFICANTE;SP; JOAO RAMALHO, 555 - PARQUE SAO JORGE;167383;20;29;R$ 580,00
FJF-0688;FORD;F4000;12/08/2026 15:05;FILTRO DE AR;SP; JOAO RAMALHO, 555 - PARQUE SAO JORGE;167383;1;126;R$ 126,00
FJF-0688;FORD;F4000;12/08/2026 15:06;FILTRO DE COMBUSTÍVEL;SP; JOAO RAMALHO, 555 - PARQUE SAO JORGE;167383;1;129;R$ 129,00
FJF-0688;FORD;F4000;12/08/2026 15:12;FILTRO DE ÓLEO;SP; JOAO RAMALHO, 555 - PARQUE SAO JORGE;167383;1;229;R$ 229,00
FRU0D97;FORD;F4000;19/08/2026 14:44;ÓLEO LUBRIFICANTE;SP;RODOVIA COMANDANTE JOAO RIBEIRO DE BARROS, S/N - PQ DAS INDUSTRIAS;89544;9,56;3,06;R$ 29,25
GIT-5825;MITSUBISHI;OUTLANDER 2.0 P;23/08/2026 11:33;FILTRO DE AR;SP; JOAO RAMALHO, 555 - PARQUE SAO JORGE;246793;1;119;R$ 119,00
GIT-5825;MITSUBISHI;OUTLANDER 2.0 P;23/08/2026 11:39;ÓLEO LUBRIFICANTE;SP; JOAO RAMALHO, 555 - PARQUE SAO JORGE;246793;5;49;R$ 245,00
GIT-5825;MITSUBISHI;OUTLANDER 2.0 P;23/08/2026 11:43;FILTRO DE ÓLEO;SP; JOAO RAMALHO, 555 - PARQUE SAO JORGE;246793;1;39;R$ 39,00
TJY6A21;RENAULT;MASTER MINIBUS;26/08/2026 08:35;ÓLEO LUBRIFICANTE;SP;RODOVIA COMANDANTE JOAO RIBEIRO DE BARROS, S/N - PQ DAS INDUSTRIAS;63235;8,63;3,063;R$ 26,43
FJF-0688;FORD;F4000;28/08/2026 09:50;ÓLEO LUBRIFICANTE;SP;RODOVIA COMANDANTE JOAO RIBEIRO DE BARROS, S/N - PQ DAS INDUSTRIAS;168659;12,54;3,061;R$ 38,39
FMM5G11;CAOACHERY;TIGGO 8;29/08/2026 17:08;ÓLEO LUBRIFICANTE;SP; JOAO RAMALHO, 555 - PARQUE SAO JORGE;260603;5;49;R$ 245,00
FMM5G11;CAOACHERY;TIGGO 8;29/08/2026 17:10;FILTRO DE ÓLEO;SP; JOAO RAMALHO, 555 - PARQUE SAO JORGE;260603;1;180;R$ 180,00
FMM5G11;CAOACHERY;TIGGO 8;29/08/2026 17:11;FILTRO DE AR;SP; JOAO RAMALHO, 555 - PARQUE SAO JORGE;260603;1;149;R$ 149,00
FMM5G11;CAOACHERY;TIGGO 8;29/08/2026 17:12;FILTRO DE COMBUSTÍVEL;SP; JOAO RAMALHO, 555 - PARQUE SAO JORGE;260603;1;39,9;R$ 39,90
FML8H43;CAOACHERY;TIGGO 8;02/09/2026 08:44;FILTRO DE ÓLEO;SP; JOAO RAMALHO, 555 - PARQUE SAO JORGE;226909;1;39,9;R$ 39,90
FML8H43;CAOACHERY;TIGGO 8;02/09/2026 08:46;FILTRO DE COMBUSTÍVEL;SP; JOAO RAMALHO, 555 - PARQUE SAO JORGE;226909;1;180;R$ 180,00
FML8H43;CAOACHERY;TIGGO 8;02/09/2026 08:47;FILTRO DE AR;SP; JOAO RAMALHO, 555 - PARQUE SAO JORGE;226909;1;149;R$ 149,00
FML8H43;CAOACHERY;TIGGO 8;02/09/2026 08:48;ÓLEO LUBRIFICANTE;SP; JOAO RAMALHO, 555 - PARQUE SAO JORGE;226909;5;49;R$ 245,00
FCW8I62;CITROEN;JUMPY GREE;04/09/2026 11:42;ÓLEO LUBRIFICANTE;SP;Tiradentes, 474 - Fragata;117077;1;1009;R$ 1.009,00
